author,degree_centrality,betweenness_centrality,in_degree,out_degree
@smoreno5532,0.0016778523489932886,0.0,0,1
@martindre8,0.0050335570469798654,0.0,0,3
Ugyj9AgO4MIzPEOAwix4AaABAg,0.0016778523489932886,0.0,1,0
UgxMdr1ds-ehV3e1tRd4AaABAg,0.0016778523489932886,0.0,1,0
UgyrhTfLQ4XKp1FxhTB4AaABAg,0.0016778523489932886,0.0,1,0
@samadresch7809,0.0050335570469798654,0.0,0,3
UgwRqIMZjeC59xXa-XV4AaABAg,0.0050335570469798654,0.0,3,0
@z0rO999,0.0050335570469798654,0.0,0,3
@sportssaga4839,0.010067114093959731,0.0,0,6
@Alucard-j7l,0.003355704697986577,0.0,0,2
UgxIpqjN3o81XxOhLLV4AaABAg,0.0016778523489932886,0.0,1,0
UgwOcvI6TiHzZFLgxBd4AaABAg,0.0016778523489932886,0.0,1,0
UgxIuFGm-rBax5dnMO94AaABAg,0.0016778523489932886,0.0,1,0
@noone2262,0.0016778523489932886,0.0,0,1
UgyB4pr9LMd7sJiilXl4AaABAg,0.016778523489932886,0.0,10,0
@--36--,0.0016778523489932886,0.0,0,1
@mohfar8605,0.0016778523489932886,0.0,0,1
@youneskhouloud2504,0.0016778523489932886,0.0,0,1
@Alsharaylive,0.003355704697986577,0.0,0,2
@shush1501,0.0016778523489932886,0.0,0,1
@user-ox4hz3cn8b,0.0016778523489932886,0.0,0,1
@rachouak1195,0.0016778523489932886,0.0,0,1
UgyBVmBYlM8UnwQYBxp4AaABAg,0.0016778523489932886,0.0,1,0
@DonCorleone803,0.0016778523489932886,0.0,0,1
UgxP3c2HG7tm9ESRp_d4AaABAg,0.020134228187919462,0.0,12,0
@angryyoungman66,0.0016778523489932886,0.0,0,1
@wassim9372,0.0016778523489932886,0.0,0,1
@salam11153,0.0016778523489932886,0.0,0,1
@mydrissafilalidrissialami9763,0.0016778523489932886,0.0,0,1
UgzHbTW_ZpT5lTXfYdh4AaABAg,0.0016778523489932886,0.0,1,0
UgycP9Uwn3KEkiTI7EF4AaABAg,0.0016778523489932886,0.0,1,0
@SamB-f2y,0.0016778523489932886,0.0,0,1
UgxOYTKZ2TaHG-bgzjh4AaABAg,0.0016778523489932886,0.0,1,0
@MohaBakk-v7c,0.0016778523489932886,0.0,0,1
UgyiHoPC8f7IwwA5-l94AaABAg,0.0016778523489932886,0.0,1,0
@aminouchrif33,0.003355704697986577,0.0,0,2
UgyOQktw6Ld3OLOuPF14AaABAg,0.0016778523489932886,0.0,1,0
Ugz_j2J1oLRvryqZc4x4AaABAg,0.0050335570469798654,0.0,3,0
@Dorka212,0.0016778523489932886,0.0,0,1
UgzufOWjYpR083Ej6-d4AaABAg,0.0016778523489932886,0.0,1,0
@guldarheel1204,0.0016778523489932886,0.0,0,1
UgxX_opjGSxE7ZCiaBN4AaABAg,0.0050335570469798654,0.0,3,0
@Casaoasissz,0.0016778523489932886,0.0,0,1
Ugzq1yE3qM7ETEZDFzh4AaABAg,0.0016778523489932886,0.0,1,0
@MaxMiller-j8s,0.003355704697986577,0.0,0,2
UgwkhXh78A37dyumtHJ4AaABAg,0.003355704697986577,0.0,2,0
@tanakatako6547,0.0016778523489932886,0.0,0,1
@xmanykl4400,0.0016778523489932886,0.0,0,1
UgytCnNeOSP8Hax1D1N4AaABAg,0.0016778523489932886,0.0,1,0
@masjidbgalkie8076,0.003355704697986577,0.0,0,2
Ugxrp3V4WcUvGzfqv814AaABAg,0.0050335570469798654,0.0,3,0
@Makeitrealforever,0.0016778523489932886,0.0,0,1
@marocmonpays1307,0.0016778523489932886,0.0,0,1
@NovaAuraX,0.0050335570469798654,0.0,0,3
UgwirG0gwHuCaRPFSRx4AaABAg,0.0016778523489932886,0.0,1,0
@youssefbattouta9790,0.010067114093959731,0.0,0,6
UgwQNi94OENSscnMK8B4AaABAg,0.0016778523489932886,0.0,1,0
Ugy3HVljcG6Z1iRwF8t4AaABAg,0.0050335570469798654,0.0,3,0
@Lmsabis1,0.0050335570469798654,0.0,0,3
@belhinaniabdelkhalek6481,0.003355704697986577,0.0,0,2
UgygMKyRVSxobdVrmsN4AaABAg,0.010067114093959731,0.0,6,0
Ugy0eCOLqUKcMLv6cxp4AaABAg,0.0016778523489932886,0.0,1,0
UgwKR0aAgOYm1er2H2N4AaABAg,0.003355704697986577,0.0,2,0
@logitech7989,0.003355704697986577,0.0,0,2
Ugyh8IebLoO79c6hCbd4AaABAg,0.003355704697986577,0.0,2,0
@Phoenix67614,0.003355704697986577,0.0,0,2
@logiqueh7354,0.0016778523489932886,0.0,0,1
Ugy4ucc7yiraeUNi4WR4AaABAg,0.003355704697986577,0.0,2,0
@vanityslams6693,0.0016778523489932886,0.0,0,1
UgzFkGDX7sJSErgtNmJ4AaABAg,0.0050335570469798654,0.0,3,0
@MA-nz1gk,0.0016778523489932886,0.0,0,1
Ugxmd9estfI2vUUJDYR4AaABAg,0.006711409395973154,0.0,4,0
@FreeSaharawi,0.003355704697986577,0.0,0,2
@LeilaMontes55,0.0016778523489932886,0.0,0,1
@212-y7p,0.0016778523489932886,0.0,0,1
UgwEzTfNLR2ZkIJcQjZ4AaABAg,0.0016778523489932886,0.0,1,0
@aaradhyadarshan19129,0.0016778523489932886,0.0,0,1
UgxnPanNiG0wJ3wGzeh4AaABAg,0.006711409395973154,0.0,4,0
@Electro_Hiddens,0.003355704697986577,0.0,0,2
@Morish.Maps.,0.0016778523489932886,0.0,0,1
@mybikinishop6684,0.0016778523489932886,0.0,0,1
UgwNiclKLVT0X-aYmq54AaABAg,0.008389261744966443,0.0,5,0
@julianbashir8277,0.0016778523489932886,0.0,0,1
@Blackisciple,0.003355704697986577,0.0,0,2
@h_elyy,0.0050335570469798654,0.0,0,3
@ageupest5203,0.0016778523489932886,0.0,0,1
Ugz1jMLVenzpDFnAtEx4AaABAg,0.0016778523489932886,0.0,1,0
@Mmadingo,0.003355704697986577,0.0,0,2
UgwiR_v1mKVAXA_uAF54AaABAg,0.003355704697986577,0.0,2,0
@Voice-of-honor-u8f,0.0016778523489932886,0.0,0,1
@JibZiad,0.003355704697986577,0.0,0,2
UgwipIgFbw9IQh-8TKx4AaABAg,0.008389261744966443,0.0,5,0
@a.elhamri2798,0.003355704697986577,0.0,0,2
@brinjoness3386,0.0016778523489932886,0.0,0,1
@mohamedelkasmi1680,0.0016778523489932886,0.0,0,1
@melodieday-yf6dn,0.0016778523489932886,0.0,0,1
@bruxelleskarim,0.0016778523489932886,0.0,0,1
@admar1208,0.0016778523489932886,0.0,0,1
@Oussama-c7r,0.0016778523489932886,0.0,0,1
@ravvviiioliii,0.0016778523489932886,0.0,0,1
UgzP5wlHoAwO9PhK0nV4AaABAg,0.0016778523489932886,0.0,1,0
@redatoo,0.0016778523489932886,0.0,0,1
Ugybg8DFW-NfOxm5pMd4AaABAg,0.006711409395973154,0.0,4,0
@keterscp1064,0.0016778523489932886,0.0,0,1
@morokko5stars68,0.003355704697986577,0.0,0,2
@yugarten8523,0.0016778523489932886,0.0,0,1
UgwNDwUH-mL_NihI4SZ4AaABAg,0.018456375838926176,0.0,11,0
@Phe9611,0.0016778523489932886,0.0,0,1
@higgs923,0.0016778523489932886,0.0,0,1
@erolc82,0.003355704697986577,0.0,0,2
@Jamal-b7j5g,0.0016778523489932886,0.0,0,1
@hakdh-mre,0.0050335570469798654,0.0,0,3
Ugyy5ddLcnTOk7r314F4AaABAg,0.003355704697986577,0.0,2,0
UgxeLtZY1s_YQCiMY3p4AaABAg,0.0016778523489932886,0.0,1,0
@UserMA710,0.0016778523489932886,0.0,0,1
UgxK9UFwxC3Tb1lf9_Z4AaABAg,0.0050335570469798654,0.0,3,0
UgyFMZ1fPh07cR43DBJ4AaABAg,0.006711409395973154,0.0,4,0
@Geertwildersakaatrump,0.0016778523489932886,0.0,0,1
@BrianCox-n1u,0.0016778523489932886,0.0,0,1
@Unordinary-lg4yt,0.0016778523489932886,0.0,0,1
@Brraww278,0.0016778523489932886,0.0,0,1
Ugzm7UsMj2g-A7nmBEZ4AaABAg,0.008389261744966443,0.0,5,0
@Flattithefish,0.0016778523489932886,0.0,0,1
@I.Freaking.Love.The_Moon,0.003355704697986577,0.0,0,2
Ugyj0RRldDFJfVxpVyl4AaABAg,0.01174496644295302,0.0,7,0
UgzOM0Uu0JgY2A8wHGJ4AaABAg,0.010067114093959731,0.0,6,0
@xubha7246,0.0016778523489932886,0.0,0,1
@Rivan98,0.0016778523489932886,0.0,0,1
Ugz_SLgtscw-GOqsSdd4AaABAg,0.0050335570469798654,0.0,3,0
@7296ugdkgh,0.0050335570469798654,0.0,0,3
@YasserMaghribi,0.0050335570469798654,0.0,0,3
Ugx7p_vBS0E1lF0OMtB4AaABAg,0.013422818791946308,0.0,8,0
@Andalusiano,0.0016778523489932886,0.0,0,1
@muftah.sahrawi,0.0016778523489932886,0.0,0,1
@The_wind_that_happened,0.003355704697986577,0.0,0,2
@ZiggyStardust669,0.0016778523489932886,0.0,0,1
@BumbleBee-ur4uo,0.0016778523489932886,0.0,0,1
@M777fd,0.0016778523489932886,0.0,0,1
@picantokia9286,0.0016778523489932886,0.0,0,1
@Akinox_king,0.0016778523489932886,0.0,0,1
@TheKaiserofeurope,0.006711409395973154,0.0,0,4
@Doherty33,0.0016778523489932886,0.0,0,1
@malcomgreen4747,0.0016778523489932886,0.0,0,1
@ultrainstinct6715,0.006711409395973154,0.0,0,4
Ugz6B2NHQoXdVPAR2lF4AaABAg,0.0050335570469798654,0.0,3,0
@Asmo_D_euss,0.0016778523489932886,0.0,0,1
@Muralidharan001,0.0016778523489932886,0.0,0,1
@wijdax,0.0050335570469798654,0.0,0,3
UgxXuZ72R66yc6xfFxl4AaABAg,0.015100671140939596,0.0,9,0
@alahemy,0.0016778523489932886,0.0,0,1
UgyW1u-E_BrObr9Oo2l4AaABAg,0.003355704697986577,0.0,2,0
@xandudicanda6303,0.006711409395973154,0.0,0,4
@sausage-x3p,0.0016778523489932886,0.0,0,1
UgyFj8zj2mBqX-mfLgZ4AaABAg,0.008389261744966443,0.0,5,0
@DAVIDGamer-i6q,0.0016778523489932886,0.0,0,1
@abdenour6576,0.0016778523489932886,0.0,0,1
@cmsacademy1673,0.0016778523489932886,0.0,0,1
@modmaker7617,0.0016778523489932886,0.0,0,1
Ugxb3HEkYfe0d0MUnv94AaABAg,0.003355704697986577,0.0,2,0
@politicallyincorrectbeing8201,0.0016778523489932886,0.0,0,1
Ugz3bXcIVHVwjatEeMR4AaABAg,0.0016778523489932886,0.0,1,0
UgwKdRPjzkkKnWbuau94AaABAg,0.003355704697986577,0.0,2,0
Ugxx6a17srfzdZj6pZV4AaABAg,0.003355704697986577,0.0,2,0
Ugx7hfMva6LaRWTXUoN4AaABAg,0.003355704697986577,0.0,2,0
Ugwcw7mHJ4J06FSleGF4AaABAg,0.003355704697986577,0.0,2,0
UgwbUUKMl_s55tzxJqd4AaABAg,0.003355704697986577,0.0,2,0
@MGharriy,0.0016778523489932886,0.0,0,1
@Badrianolima,0.006711409395973154,0.0,0,4
UgxyOwiZ2HwbfrW7HLB4AaABAg,0.0050335570469798654,0.0,3,0
@mohalkl5426,0.0016778523489932886,0.0,0,1
Ugw_gfVZ5sCWoPDnBtR4AaABAg,0.0050335570469798654,0.0,3,0
@maxkingjoe5460,0.010067114093959731,0.0,0,6
UgyC9QRUEFbxzzg7XMB4AaABAg,0.0016778523489932886,0.0,1,0
@DR_ndo,0.0050335570469798654,0.0,0,3
@itzrealbon,0.003355704697986577,0.0,0,2
@yyyyyy-ro8ni,0.003355704697986577,0.0,0,2
@Adam-be1kc,0.010067114093959731,0.0,0,6
Ugw1RsY9xzKvvCwGN5h4AaABAg,0.0016778523489932886,0.0,1,0
@akremakrem7928,0.0016778523489932886,0.0,0,1
UgyF7l76L5xIA88B1vJ4AaABAg,0.003355704697986577,0.0,2,0
@cobrayt1895,0.003355704697986577,0.0,0,2
Ugwr9Up6_5hg_0vt3St4AaABAg,0.0016778523489932886,0.0,1,0
@sowelyass,0.0016778523489932886,0.0,0,1
UgxDAWEKBTKLX8i9FQB4AaABAg,0.003355704697986577,0.0,2,0
@AhmedBenchawi-mor,0.0016778523489932886,0.0,0,1
@jeyaramsathees6128,0.0016778523489932886,0.0,0,1
UgyMoRo9SbESpqGs3UR4AaABAg,0.008389261744966443,0.0,5,0
@bobmorane9200,0.0016778523489932886,0.0,0,1
@TheAlfatipo,0.0016778523489932886,0.0,0,1
@AllalBenAdam-v8k,0.0016778523489932886,0.0,0,1
@elidrysyabdelhamid5579,0.0016778523489932886,0.0,0,1
Ugxsn9jWpc-v2wbL2wp4AaABAg,0.003355704697986577,0.0,2,0
@monky5090,0.0016778523489932886,0.0,0,1
@Frenchkisssss,0.0016778523489932886,0.0,0,1
UgybipvdNPPehGxCT394AaABAg,0.003355704697986577,0.0,2,0
@nourden13490,0.0016778523489932886,0.0,0,1
@bundz_,0.0016778523489932886,0.0,0,1
@Sohaib92,0.0016778523489932886,0.0,0,1
@airdreamgalaxy3554,0.0016778523489932886,0.0,0,1
UgwiNFiGr3rEMLeWPtB4AaABAg,0.006711409395973154,0.0,4,0
@MrDinars2004,0.0016778523489932886,0.0,0,1
@IsmailEldarabi,0.0016778523489932886,0.0,0,1
@TheLordHyperSonic,0.0016778523489932886,0.0,0,1
@HelloCurve111,0.0016778523489932886,0.0,0,1
UgzjJpZeojdQsCAgTq94AaABAg,0.003355704697986577,0.0,2,0
Ugw-OU50FuCjTzAZMRJ4AaABAg,0.003355704697986577,0.0,2,0
@Communistphilippines,0.0016778523489932886,0.0,0,1
Ugyc337S47uGfYjpEU14AaABAg,0.003355704697986577,0.0,2,0
UgyzrqLYsdmG6Wou7TF4AaABAg,0.0016778523489932886,0.0,1,0
UgwebztLEIDBCYxh6994AaABAg,0.003355704697986577,0.0,2,0
@trueme8442,0.0016778523489932886,0.0,0,1
@dsa_made_easy,0.0016778523489932886,0.0,0,1
Ugx68jotBKn25OtrvsZ4AaABAg,0.003355704697986577,0.0,2,0
@sahnithy,0.008389261744966443,0.0,0,5
UgzJf0oE5olNlWjmqWx4AaABAg,0.0016778523489932886,0.0,1,0
Ugy5PieGWTfe4_bqrm14AaABAg,0.0050335570469798654,0.0,3,0
@euwwi1278,0.003355704697986577,0.0,0,2
UgzQXn5DHrJo7_05MOp4AaABAg,0.0016778523489932886,0.0,1,0
@siempre_lamisma_historia,0.0016778523489932886,0.0,0,1
Ugy7fJHOF7MuwAOoU1V4AaABAg,0.006711409395973154,0.0,4,0
@kjellbrent8114,0.0016778523489932886,0.0,0,1
UgwjZzZ-HSvfrh0l_0R4AaABAg,0.0016778523489932886,0.0,1,0
@bilalhicham-1,0.0016778523489932886,0.0,0,1
Ugzp7EpuRerAPeRdch94AaABAg,0.003355704697986577,0.0,2,0
@MRANONY2792,0.0016778523489932886,0.0,0,1
@Violin-Villain,0.0016778523489932886,0.0,0,1
UgzyF3cuyZyTXpfVkcJ4AaABAg,0.0050335570469798654,0.0,3,0
@MalikaMalika-dw8df,0.006711409395973154,0.0,0,4
@azed-t3t,0.0016778523489932886,0.0,0,1
UgyxXrKeysb6PK6kgmJ4AaABAg,0.0016778523489932886,0.0,1,0
UgyirMJeIEt8k4qutE94AaABAg,0.0016778523489932886,0.0,1,0
UgxWNeOHXIBMxWe6m-54AaABAg,0.0016778523489932886,0.0,1,0
UgwuwUaKNI4q3LbF9kZ4AaABAg,0.0016778523489932886,0.0,1,0
@mayar_819,0.0016778523489932886,0.0,0,1
Ugy1iX_0Wxw59TNmrPB4AaABAg,0.0016778523489932886,0.0,1,0
@Ie4s,0.0016778523489932886,0.0,0,1
Ugwamn4K76hBTVC49qV4AaABAg,0.0016778523489932886,0.0,1,0
@CogitoEdu,0.018456375838926176,0.0,0,11
@Maesiz,0.0016778523489932886,0.0,0,1
UgzFZE86pokoto_DS-F4AaABAg,0.0016778523489932886,0.0,1,0
UgzmUIpU-vK8gR_LOWF4AaABAg,0.0016778523489932886,0.0,1,0
UgxFMf5LGvBgBjMz2Kx4AaABAg,0.0016778523489932886,0.0,1,0
Ugy3chAyrFRzss2Qtb94AaABAg,0.0016778523489932886,0.0,1,0
Ugzcs_zmw0QB3G6oFz94AaABAg,0.0016778523489932886,0.0,1,0
Ugwn3xJF4L8FjJOYqoJ4AaABAg,0.0016778523489932886,0.0,1,0
@Sidiredouane-wq1in,0.0016778523489932886,0.0,0,1
UgwEfs9C-ZrYiJhADTV4AaABAg,0.003355704697986577,0.0,2,0
@askari4940,0.0016778523489932886,0.0,0,1
@hellalmeba3422,0.0016778523489932886,0.0,0,1
UgzkfpQcupjfMPwv8VN4AaABAg,0.0016778523489932886,0.0,1,0
@HL-jl4sf,0.003355704697986577,0.0,0,2
Ugwl8NgftAKFBJWf5PZ4AaABAg,0.0016778523489932886,0.0,1,0
UgyuRhoE6q8gt_5uVg54AaABAg,0.0016778523489932886,0.0,1,0
@Basketballl00472,0.0016778523489932886,0.0,0,1
Ugx4wIbXeke-a-ttC1R4AaABAg,0.0016778523489932886,0.0,1,0
@mo_elly86,0.0016778523489932886,0.0,0,1
UgxqRzvohtJjtTfHd7Z4AaABAg,0.0016778523489932886,0.0,1,0
@mason.edwards96,0.003355704697986577,0.0,0,2
UgwlnjnyWaM2Pd8ClI14AaABAg,0.0016778523489932886,0.0,1,0
@moel9940,0.0016778523489932886,0.0,0,1
Ugy47NoEnbnrIxdZ-oh4AaABAg,0.003355704697986577,0.0,2,0
@Souffledamour,0.0016778523489932886,0.0,0,1
@el_kapitan_fatpitan,0.0016778523489932886,0.0,0,1
@zlabiasanssucre-kb4ty,0.0016778523489932886,0.0,0,1
@lola-mo5sh,0.010067114093959731,0.0,0,6
Ugwll5tzrNFHiL7Jw-B4AaABAg,0.0016778523489932886,0.0,1,0
@LXXXIV60,0.0016778523489932886,0.0,0,1
Ugy7HT_emOc6F-GPyDx4AaABAg,0.003355704697986577,0.0,2,0
@meriemelk9407,0.0016778523489932886,0.0,0,1
@mohamednsb-my8rc,0.0016778523489932886,0.0,0,1
UgyNiJMGO-ijONWUmOl4AaABAg,0.0050335570469798654,0.0,3,0
UgyxVo3HbGfB18bQ_n14AaABAg,0.003355704697986577,0.0,2,0
@Ok-ok-ok-ok-ok,0.008389261744966443,0.0,0,5
Ugz3Xe6isS9e3gR3Wol4AaABAg,0.0016778523489932886,0.0,1,0
UgwbAPLaOiM8-j2qcDB4AaABAg,0.0016778523489932886,0.0,1,0
@NoProxies,0.0016778523489932886,0.0,0,1
Ugypda7C3ulqaVcL8uR4AaABAg,0.006711409395973154,0.0,4,0
UgxBzaBrVhjv6ZWFFnR4AaABAg,0.0050335570469798654,0.0,3,0
@Abdelll-m8s,0.0016778523489932886,0.0,0,1
@annieisafckingtrashybitch66990,0.003355704697986577,0.0,0,2
@youli3568,0.003355704697986577,0.0,0,2
UgyXzsMqmpZU_nEpfVB4AaABAg,0.0016778523489932886,0.0,1,0
UgyaKRqwUO-D7gE4Bmx4AaABAg,0.003355704697986577,0.0,2,0
@rimiarabi6071,0.0016778523489932886,0.0,0,1
@dutchpatriot17,0.0016778523489932886,0.0,0,1
@talveka,0.0050335570469798654,0.0,0,3
Ugx9gpe7osMuj781AUp4AaABAg,0.0050335570469798654,0.0,3,0
@jamemule5326,0.0016778523489932886,0.0,0,1
@Someone_555,0.0016778523489932886,0.0,0,1
@KeijiNomore,0.0016778523489932886,0.0,0,1
UgymVNTRvMLBIZRNqxJ4AaABAg,0.0016778523489932886,0.0,1,0
UgyKLoBQ0aU0Jy-Kj7d4AaABAg,0.0016778523489932886,0.0,1,0
@FaicalBoumdira,0.0016778523489932886,0.0,0,1
UgxDhsYpUf64XTDmFr94AaABAg,0.0016778523489932886,0.0,1,0
@hichamidrisi1344,0.0016778523489932886,0.0,0,1
UgzAVw9uDgdUbU4xRTd4AaABAg,0.0016778523489932886,0.0,1,0
@casablanca1706,0.0016778523489932886,0.0,0,1
UgwWm-gzCo8vaEp-d5N4AaABAg,0.006711409395973154,0.0,4,0
@AlgeriaTrending333,0.0016778523489932886,0.0,0,1
@imaamsky,0.0016778523489932886,0.0,0,1
Ugze1xjJv6pt8gVG_u14AaABAg,0.0016778523489932886,0.0,1,0
@SamSung-sy6ox,0.0016778523489932886,0.0,0,1
UgwifsLzE9YbErIr2Nt4AaABAg,0.0016778523489932886,0.0,1,0
@priqito,0.0016778523489932886,0.0,0,1
Ugxd8I0rYMUJaH55jlx4AaABAg,0.010067114093959731,0.0,6,0
@mgigelli820,0.003355704697986577,0.0,0,2
@azizikhench5451,0.0016778523489932886,0.0,0,1
@borapobangpo,0.0016778523489932886,0.0,0,1
@PazConTomate,0.0016778523489932886,0.0,0,1
@ximfo4883,0.0016778523489932886,0.0,0,1
UgwWvWxEpXtYeLth-_F4AaABAg,0.0016778523489932886,0.0,1,0
UgzSsrqJi_LjXiKA89N4AaABAg,0.013422818791946308,0.0,8,0
@Hugohhhgg,0.0016778523489932886,0.0,0,1
@mouradblf6703,0.0016778523489932886,0.0,0,1
@Rolando_Cueva,0.0016778523489932886,0.0,0,1
@aminekaoukab4547,0.0016778523489932886,0.0,0,1
@dyfhebev,0.0016778523489932886,0.0,0,1
@dusscode,0.0016778523489932886,0.0,0,1
@Wizzy678,0.003355704697986577,0.0,0,2
@sofienehafiene1477,0.0016778523489932886,0.0,0,1
UgzUFeQhorKP9r7kK2B4AaABAg,0.006711409395973154,0.0,4,0
@paisgeo,0.0016778523489932886,0.0,0,1
@hachem__,0.0016778523489932886,0.0,0,1
@Freakykuna.8,0.0016778523489932886,0.0,0,1
UgyL3FJFv1iOehOdmM94AaABAg,0.003355704697986577,0.0,2,0
UgwVqXL0_XQ3niAZZbl4AaABAg,0.0016778523489932886,0.0,1,0
UgwlvDVCONGcAJIjKON4AaABAg,0.006711409395973154,0.0,4,0
@walid3397,0.0050335570469798654,0.0,0,3
@patxiaznar9656,0.003355704697986577,0.0,0,2
@casanegra4494,0.0016778523489932886,0.0,0,1
UgxGjUEZAkc0_IHXZu14AaABAg,0.0016778523489932886,0.0,1,0
@dyBFxx5XFMoK,0.0016778523489932886,0.0,0,1
Ugx0RVmjmw7I9xenX9x4AaABAg,0.010067114093959731,0.0,6,0
UgwF3dZgtKrdsbI-Pyh4AaABAg,0.003355704697986577,0.0,2,0
UgyoI5L-7AyKry1b_K14AaABAg,0.0016778523489932886,0.0,1,0
@Raindaas,0.0016778523489932886,0.0,0,1
UgyhOiOadrrzY7Xlwtx4AaABAg,0.0016778523489932886,0.0,1,0
@ha1fadev,0.003355704697986577,0.0,0,2
UgxJR8dxH2K8JSDREWR4AaABAg,0.003355704697986577,0.0,2,0
@Mourabitin1958,0.0016778523489932886,0.0,0,1
@MazinhoShenthen,0.013422818791946308,0.0,0,8
@adilelnhaily1960,0.0016778523489932886,0.0,0,1
UgzJB1BT4Tw6m5uDpj14AaABAg,0.003355704697986577,0.0,2,0
@anesanes2410,0.0016778523489932886,0.0,0,1
@wakeupmrye6908,0.0016778523489932886,0.0,0,1
UgxMmMt8Y8-JT6UywMt4AaABAg,0.0016778523489932886,0.0,1,0
UgxMX17R-2u9uA164PF4AaABAg,0.0016778523489932886,0.0,1,0
@Z5-XB,0.0016778523489932886,0.0,0,1
UgwU8ThZDK4wZvvv5eR4AaABAg,0.003355704697986577,0.0,2,0
Ugx0xLwG3_HpORuVmht4AaABAg,0.010067114093959731,0.0,6,0
@KZ-SHOP,0.0016778523489932886,0.0,0,1
@emirayub6418,0.0016778523489932886,0.0,0,1
@alphachief6085,0.0016778523489932886,0.0,0,1
@siaodong,0.0050335570469798654,0.0,0,3
@yesitsme691,0.003355704697986577,0.0,0,2
UgyzvInb8gIJ55XgGgZ4AaABAg,0.003355704697986577,0.0,2,0
@cagliari5984,0.0016778523489932886,0.0,0,1
UgxYTEtmKUO9uVvYqGB4AaABAg,0.0016778523489932886,0.0,1,0
@HmamouAbdellah,0.0016778523489932886,0.0,0,1
UgwgUK4G6aBdzhwjv314AaABAg,0.0050335570469798654,0.0,3,0
@BarbarosDosBelgicos,0.0016778523489932886,0.0,0,1
UgyQZ3La4dfxHCD_dSt4AaABAg,0.0016778523489932886,0.0,1,0
@ALGHOTTE,0.0016778523489932886,0.0,0,1
UgxPqtQ2l1OffUCgErR4AaABAg,0.0016778523489932886,0.0,1,0
@Isoform3,0.0016778523489932886,0.0,0,1
UgwCJocbdqsuOBEaiRl4AaABAg,0.003355704697986577,0.0,2,0
@revenger8744,0.0016778523489932886,0.0,0,1
UgzBgdo4zA_7FiICUkp4AaABAg,0.0016778523489932886,0.0,1,0
@TheTrackRecord,0.0016778523489932886,0.0,0,1
Ugxo5QsVyAJr2SQTRJ54AaABAg,0.0016778523489932886,0.0,1,0
@GM-xk1nw,0.0016778523489932886,0.0,0,1
Ugynapmz9Thyw03q_ol4AaABAg,0.0016778523489932886,0.0,1,0
@Shaw737,0.0016778523489932886,0.0,0,1
@beautifulbaby4585,0.003355704697986577,0.0,0,2
@freewal,0.003355704697986577,0.0,0,2
@rachidmohammedamine,0.0016778523489932886,0.0,0,1
UgzSYkwkb74VPTCWU-N4AaABAg,0.006711409395973154,0.0,4,0
@ubuntu2551,0.003355704697986577,0.0,0,2
@LasiadSH,0.0016778523489932886,0.0,0,1
Ugz26gnQsJQm5Afn4aF4AaABAg,0.003355704697986577,0.0,2,0
Ugz2T9D1A_q8sagAd2N4AaABAg,0.006711409395973154,0.0,4,0
@moroccanmars2767,0.0016778523489932886,0.0,0,1
@kyronhadel,0.0016778523489932886,0.0,0,1
@saadsaad4605,0.0050335570469798654,0.0,0,3
UgxaQ9ALvulEsIyy66J4AaABAg,0.003355704697986577,0.0,2,0
@elmetkelem7524,0.0016778523489932886,0.0,0,1
@redabaroin968,0.0016778523489932886,0.0,0,1
UgwoJx_rEbwA6JBv3pN4AaABAg,0.0016778523489932886,0.0,1,0
UgyH1P10j5gBYQuB-AF4AaABAg,0.0050335570469798654,0.0,3,0
@Ataychiller,0.003355704697986577,0.0,0,2
@Az-Ben,0.0016778523489932886,0.0,0,1
@thomasvanhiel6105,0.003355704697986577,0.0,0,2
UgwwivmcaVVlwdW0g5p4AaABAg,0.003355704697986577,0.0,2,0
@politicstoday8002,0.0016778523489932886,0.0,0,1
@franky3640,0.0016778523489932886,0.0,0,1
UgyjDPNgdfm_aEzkznN4AaABAg,0.003355704697986577,0.0,2,0
UgwAtJSWutq-_79KfzB4AaABAg,0.010067114093959731,0.0,6,0
@mohamedalahyan313,0.0016778523489932886,0.0,0,1
UgzbssotwUeEFa4wH7N4AaABAg,0.0050335570469798654,0.0,3,0
@Keepcalmorgetout,0.0016778523489932886,0.0,0,1
Ugwwbru-jn-CiNtNP1l4AaABAg,0.0016778523489932886,0.0,1,0
UgxBR_L7Q48CRACfP-14AaABAg,0.0016778523489932886,0.0,1,0
@jaisbrennan7696,0.01174496644295302,0.0,0,7
UgxDL8NiwpYj3ctcelF4AaABAg,0.0016778523489932886,0.0,1,0
UgytxcaT7m625-3_y5V4AaABAg,0.006711409395973154,0.0,4,0
@Arabosiq,0.0016778523489932886,0.0,0,1
@ald1050,0.0016778523489932886,0.0,0,1
UgxA7xrptzHtvEu3LQV4AaABAg,0.003355704697986577,0.0,2,0
@Herbalist-athari,0.0016778523489932886,0.0,0,1
@HSchneider-t3i,0.003355704697986577,0.0,0,2
Ugz2jJFoUo2n_Z1WLp14AaABAg,0.006711409395973154,0.0,4,0
@tisanbobai8643,0.0016778523489932886,0.0,0,1
@KoreyGraham-h9i,0.0016778523489932886,0.0,0,1
@Letstravel_74,0.0016778523489932886,0.0,0,1
UgycOR8ArSyH22grZ5J4AaABAg,0.0016778523489932886,0.0,1,0
Ugzfv23N7VqaMf9e6u14AaABAg,0.0016778523489932886,0.0,1,0
UgwuQ2xao9PXvDtwa7d4AaABAg,0.0016778523489932886,0.0,1,0
@gromlucas4283,0.0016778523489932886,0.0,0,1
UgxFI_uqHemERt3kSL14AaABAg,0.006711409395973154,0.0,4,0
UgzHAZaLAQ3dSNJCuxx4AaABAg,0.0050335570469798654,0.0,3,0
@jovannacarranza1881,0.0016778523489932886,0.0,0,1
@aryaszaky,0.0016778523489932886,0.0,0,1
UgyJebIFOL1KjcqrE8F4AaABAg,0.0016778523489932886,0.0,1,0
Ugzlw_s1d1c77d0yfjB4AaABAg,0.0016778523489932886,0.0,1,0
@PrimetimeX,0.008389261744966443,0.0,0,5
Ugw-t_i7r0r40pcKLVV4AaABAg,0.0016778523489932886,0.0,1,0
@rinos7902,0.003355704697986577,0.0,0,2
UgwD9QKu6KIqTtmiIax4AaABAg,0.0016778523489932886,0.0,1,0
UgzHCAOouOStsqh5FAV4AaABAg,0.0016778523489932886,0.0,1,0
@imadsbai1213,0.0016778523489932886,0.0,0,1
@General_Lee_Oliver,0.0016778523489932886,0.0,0,1
@Mr7Crash,0.0016778523489932886,0.0,0,1
Ugx_R80V4QHgvpJMbrR4AaABAg,0.0016778523489932886,0.0,1,0
@AnthonyGarcia-sy3yk,0.0016778523489932886,0.0,0,1
UgzEcUkzLMDQ1BMyHB54AaABAg,0.003355704697986577,0.0,2,0
@bima155,0.0016778523489932886,0.0,0,1
UgxzJpK8V1EbmxEEkFl4AaABAg,0.0016778523489932886,0.0,1,0
@insider678-t4g,0.0016778523489932886,0.0,0,1
@zaidbenriane767,0.0016778523489932886,0.0,0,1
@bilalbehar8533,0.0016778523489932886,0.0,0,1
@damsco,0.0016778523489932886,0.0,0,1
@andresmora5192,0.0016778523489932886,0.0,0,1
@GRIZIUS3,0.0016778523489932886,0.0,0,1
@AntonioPeralesdelHierro,0.0016778523489932886,0.0,0,1
@Moist_.Gnu51,0.0016778523489932886,0.0,0,1
@ailel177,0.0016778523489932886,0.0,0,1
@Moccalocca100,0.003355704697986577,0.0,0,2
Ugz1IX5Euw6TAQ8LSv94AaABAg,0.003355704697986577,0.0,2,0
@mills9402,0.0016778523489932886,0.0,0,1
@al-batal,0.003355704697986577,0.0,0,2
Ugx9jmN8fTVtED8RXgd4AaABAg,0.0016778523489932886,0.0,1,0
UgzKlvzw2En1vOIjwnl4AaABAg,0.02348993288590604,0.0,14,0
@7addaribaba,0.0016778523489932886,0.0,0,1
Ugy6qmmj4kBRjy37FpZ4AaABAg,0.0016778523489932886,0.0,1,0
@shahd5755,0.0016778523489932886,0.0,0,1
UgwrhBrnhsn0hyl9G9t4AaABAg,0.013422818791946308,0.0,8,0
@OshinAttari,0.0016778523489932886,0.0,0,1
@Bruno-gj4jj,0.0016778523489932886,0.0,0,1
@user-fp8vl3mb2i,0.0016778523489932886,0.0,0,1
@northblue..,0.003355704697986577,0.0,0,2
@aymanmillou2012,0.0016778523489932886,0.0,0,1
@greenietales,0.0016778523489932886,0.0,0,1
UgxJ0_CotCOBOdTHxjR4AaABAg,0.0016778523489932886,0.0,1,0
@combdude,0.0016778523489932886,0.0,0,1
UgxHOChoCxQBpt-zUK94AaABAg,0.003355704697986577,0.0,2,0
@joeletaxi7956,0.003355704697986577,0.0,0,2
@simaccu,0.006711409395973154,0.0,0,4
Ugxlg_QS_AhbaT23NoR4AaABAg,0.0016778523489932886,0.0,1,0
@عبدالحاكم-ص8ي,0.0016778523489932886,0.0,0,1
UgzeGqcMU5dfYEYWzZ54AaABAg,0.003355704697986577,0.0,2,0
UgwGNX9Qw9W_iZUpu7x4AaABAg,0.0050335570469798654,0.0,3,0
@mohamedred5746,0.0016778523489932886,0.0,0,1
@yherosanime1092,0.0050335570469798654,0.0,0,3
UgzWGexSxE5yedxtDqN4AaABAg,0.0050335570469798654,0.0,3,0
Ugw8zBYBPZPwE25MvzZ4AaABAg,0.008389261744966443,0.0,5,0
@mimovil8730,0.0016778523489932886,0.0,0,1
@Maurazio,0.0016778523489932886,0.0,0,1
@geoms6263,0.003355704697986577,0.0,0,2
UgzH5CbGqtKBmWdmC-54AaABAg,0.0050335570469798654,0.0,3,0
@drok836,0.0050335570469798654,0.0,0,3
@abspeedy1779,0.006711409395973154,0.0,0,4
Ugx9baP4t4T4FMJcf1l4AaABAg,0.0016778523489932886,0.0,1,0
@stevengreen9536,0.0016778523489932886,0.0,0,1
Ugw5saew-0FAIxFQLGJ4AaABAg,0.006711409395973154,0.0,4,0
@mouhamedaminelaksiri7318,0.0016778523489932886,0.0,0,1
@madrid7790,0.0016778523489932886,0.0,0,1
UgxmrRSzyOpJf_jxM9Z4AaABAg,0.006711409395973154,0.0,4,0
@4y7v10,0.0016778523489932886,0.0,0,1
@JZS-1019,0.0016778523489932886,0.0,0,1
@abdelatlas1578,0.0016778523489932886,0.0,0,1
Ugyq_NFDUaT8LRCDQ514AaABAg,0.003355704697986577,0.0,2,0
@kko5779,0.0016778523489932886,0.0,0,1
Ugy7iH0pBm-LtOI_Mid4AaABAg,0.0016778523489932886,0.0,1,0
Ugwyp3itq8_-fDGs_vV4AaABAg,0.0016778523489932886,0.0,1,0
@spajjlak3713,0.0016778523489932886,0.0,0,1
UgwR28-zgVy9HdVTnoR4AaABAg,0.0016778523489932886,0.0,1,0
@baathi7358,0.0016778523489932886,0.0,0,1
UgwhltttM9hkcUd1prR4AaABAg,0.0016778523489932886,0.0,1,0
UgxtaBU87SRLP0oGHRN4AaABAg,0.0016778523489932886,0.0,1,0
@yeslem3792,0.0016778523489932886,0.0,0,1
UgyUWgUfxW8UgBQoyxp4AaABAg,0.003355704697986577,0.0,2,0
@frankfurter9267,0.003355704697986577,0.0,0,2
UgwvPXB-R_QsoT_pcBp4AaABAg,0.003355704697986577,0.0,2,0
@Hadramidvp,0.0016778523489932886,0.0,0,1
UgzFjFO_NqCg6zrnbrZ4AaABAg,0.008389261744966443,0.0,5,0
@husseinbnali8445,0.0016778523489932886,0.0,0,1
@alexandersam9538,0.0016778523489932886,0.0,0,1
@CN-bm4sc,0.0016778523489932886,0.0,0,1
@abdelhakwinston6200,0.0016778523489932886,0.0,0,1
@noone-io4yj,0.003355704697986577,0.0,0,2
@bln3615,0.0016778523489932886,0.0,0,1
UgxgjZzOMDnNAl-kCel4AaABAg,0.003355704697986577,0.0,2,0
@dzpatrioteziridedjazairi8196,0.0050335570469798654,0.0,0,3
@Yousseffabidou,0.0016778523489932886,0.0,0,1
Ugz9NPp_54odT0ZxPIh4AaABAg,0.0016778523489932886,0.0,1,0
@funstuff8876,0.0050335570469798654,0.0,0,3
Ugwac5UohY9m8HQ5-r14AaABAg,0.0016778523489932886,0.0,1,0
@Catch22-d3g,0.0016778523489932886,0.0,0,1
UgwjtaIvc5GsrgNUFAN4AaABAg,0.0016778523489932886,0.0,1,0
@afrench4683,0.0016778523489932886,0.0,0,1
UgxB_6IUWeOf8Pin2lh4AaABAg,0.0016778523489932886,0.0,1,0
@SomeLaPresenceOne,0.0016778523489932886,0.0,0,1
UgzK6ru3X9PnF0IRXvF4AaABAg,0.0016778523489932886,0.0,1,0
@mohamedanass3688,0.0016778523489932886,0.0,0,1
UgyQVnqOCFpHHr8HzOp4AaABAg,0.003355704697986577,0.0,2,0
@anaschiheb1015,0.0016778523489932886,0.0,0,1
@fluffycoffee3465,0.003355704697986577,0.0,0,2
@danieljacob2354,0.0016778523489932886,0.0,0,1
UgzN_lZnxAL7gz1Lt7F4AaABAg,0.013422818791946308,0.0,8,0
@Ass_of_Amalek,0.0016778523489932886,0.0,0,1
@benghazi4216,0.0016778523489932886,0.0,0,1
@darien4969,0.0016778523489932886,0.0,0,1
@tafsir5191,0.0016778523489932886,0.0,0,1
@bm7586,0.003355704697986577,0.0,0,2
UgwFz-B9bwxDj6UaTVR4AaABAg,0.0050335570469798654,0.0,3,0
@independenceforkabylietizi636,0.0050335570469798654,0.0,0,3
@kaguyaotsutsuky5840,0.0016778523489932886,0.0,0,1
UgxutzoKF2PV5WHr3BB4AaABAg,0.006711409395973154,0.0,4,0
UgzCQEJjcDRdAcwCBIp4AaABAg,0.006711409395973154,0.0,4,0
@ابنالصحراءالغربية-ق4ط,0.0016778523489932886,0.0,0,1
@cillianmccauley,0.0016778523489932886,0.0,0,1
UgwvdMqP6emeO8MzoQJ4AaABAg,0.0016778523489932886,0.0,1,0
@InsideAfrica.,0.0016778523489932886,0.0,0,1
Ugxoa_m3Nc0QAJUfB4N4AaABAg,0.003355704697986577,0.0,2,0
@casanegra2934,0.003355704697986577,0.0,0,2
UgyOvVd8qy259tlryIh4AaABAg,0.0016778523489932886,0.0,1,0
@progamer-gt9iy,0.0016778523489932886,0.0,0,1
UgyciKvz0AyyHKngjbN4AaABAg,0.003355704697986577,0.0,2,0
@disconnect7401,0.0050335570469798654,0.0,0,3
UgwDdGzGIkGPvmwfqKp4AaABAg,0.003355704697986577,0.0,2,0
@mikebarton,0.0016778523489932886,0.0,0,1
Ugyl4t0r0hlaycGMzL54AaABAg,0.0016778523489932886,0.0,1,0
@LoopyWoopyCharlie,0.0016778523489932886,0.0,0,1
UgxtYveCfZ81SEDIOpd4AaABAg,0.0016778523489932886,0.0,1,0
@Ali_baba_II,0.0016778523489932886,0.0,0,1
Ugw-v2FrWd9ivXbEb7p4AaABAg,0.0016778523489932886,0.0,1,0
@DIEZ-we1cm,0.0016778523489932886,0.0,0,1
@muhammadsuleman9328,0.0016778523489932886,0.0,0,1
@namnamou9832,0.0016778523489932886,0.0,0,1
@abdel9285,0.0016778523489932886,0.0,0,1
@Sultan_Assfou,0.0016778523489932886,0.0,0,1
@watchwatc,0.0016778523489932886,0.0,0,1
@justice70567,0.0016778523489932886,0.0,0,1
@FilomenaMule,0.0016778523489932886,0.0,0,1
@TheGloriousLobsterEmperor,0.0016778523489932886,0.0,0,1
@datniggaeazye.5968,0.003355704697986577,0.0,0,2
UgwN23LJC9Ixfo0Q-DV4AaABAg,0.0016778523489932886,0.0,1,0
@samimellouki3139,0.010067114093959731,0.0,0,6
Ugyhy0b5M67lXzM7C3V4AaABAg,0.0016778523489932886,0.0,1,0
@Sosanakinedits,0.003355704697986577,0.0,0,2
UgzkZw2LS2tgQ8CShuZ4AaABAg,0.003355704697986577,0.0,2,0
@tahmidurrahmantahsan3643,0.0016778523489932886,0.0,0,1
Ugzs1KjV073xBJSKx9N4AaABAg,0.003355704697986577,0.0,2,0
@cvird,0.0016778523489932886,0.0,0,1
@zevorix,0.0016778523489932886,0.0,0,1
@rifleboy4837,0.0016778523489932886,0.0,0,1
@ophirbactrius8285,0.0016778523489932886,0.0,0,1
@oussdz99,0.003355704697986577,0.0,0,2
@hinatasama9128,0.0016778523489932886,0.0,0,1
@yahiakantour4384,0.0016778523489932886,0.0,0,1
@minecraftlover-y1o,0.0016778523489932886,0.0,0,1
@sunbet_RBX,0.0016778523489932886,0.0,0,1
@ismaelmouhabofficial,0.0016778523489932886,0.0,0,1
UgwDjNtkIoIB0pW5Ndl4AaABAg,0.02348993288590604,0.0,14,0
@nagalon7255,0.0016778523489932886,0.0,0,1
@Sector-6D,0.0016778523489932886,0.0,0,1
@lifeisart5450,0.003355704697986577,0.0,0,2
@Roblox_RussianEmpire,0.0016778523489932886,0.0,0,1
@mouaadwdh4767,0.0016778523489932886,0.0,0,1
Ugx-3b9tDz9VLjK5jRx4AaABAg,0.008389261744966443,0.0,5,0
@rox282,0.0050335570469798654,0.0,0,3
@SunsetNova,0.0050335570469798654,0.0,0,3
@StefanStefan-l7l,0.0050335570469798654,0.0,0,3
UgwlTpkj1YxgefWyQYV4AaABAg,0.003355704697986577,0.0,2,0
@ahmedCHAKROUN-j5l,0.0016778523489932886,0.0,0,1
@Misericordia-e2c,0.0016778523489932886,0.0,0,1
UgzJ-kA_rSsu3PElR_h4AaABAg,0.003355704697986577,0.0,2,0
